,Posted,Job Title,Company,LINK,Location
0,2022-11-24,Remote Full-Stack Developer Jobs,Turing,https://ro.linkedin.com/jobs/view/remote-full-stack-developer-jobs-at-turing-3390712037?refId=m671nXocHPk9lTIEdwxb0w%3D%3D&trackingId=nJcwNITlpM2BmTU%2BYrai0w%3D%3D&position=1&pageNum=0&trk=public_jobs_jserp-result_search-card,Romania
1,2022-12-07,Fullstack Software Engineer (Microsoft Teams),Microsoft,https://ro.linkedin.com/jobs/view/fullstack-software-engineer-microsoft-teams-at-microsoft-3388063592?refId=m671nXocHPk9lTIEdwxb0w%3D%3D&trackingId=CU9EnB6tc8OY7tQk66d%2BLg%3D%3D&position=2&pageNum=0&trk=public_jobs_jserp-result_search-card,"Bihor, Romania"
2,2022-12-07,Fullstack Software Engineer (Microsoft Teams),Microsoft,https://ro.linkedin.com/jobs/view/fullstack-software-engineer-microsoft-teams-at-microsoft-3388067130?refId=m671nXocHPk9lTIEdwxb0w%3D%3D&trackingId=HmHCT0FGLXvgEYotU8T4EA%3D%3D&position=3&pageNum=0&trk=public_jobs_jserp-result_search-card,"Sălaj, Romania"
3,2022-11-23,React Native Developer,Adecco,https://ro.linkedin.com/jobs/view/react-native-developer-at-adecco-3404366783?refId=m671nXocHPk9lTIEdwxb0w%3D%3D&trackingId=bFD6vwHRZgKyCsmrIJGZtw%3D%3D&position=4&pageNum=0&trk=public_jobs_jserp-result_search-card,"Bucharest, Bucharest, Romania"
4,2022-12-19,Fullstack Developer Job,NTT DATA Romania,https://ro.linkedin.com/jobs/view/fullstack-developer-job-at-ntt-data-romania-3401885635?refId=m671nXocHPk9lTIEdwxb0w%3D%3D&trackingId=p8N9SBISVbFZ3juiiUYiDg%3D%3D&position=5&pageNum=0&trk=public_jobs_jserp-result_search-card,"Iaşi, Iaşi, Romania"
5,2022-11-24,Remote Node.js Developer Jobs,Turing,https://ro.linkedin.com/jobs/view/remote-node-js-developer-jobs-at-turing-3390704861?refId=m671nXocHPk9lTIEdwxb0w%3D%3D&trackingId=qC73LPPuYvffe99a%2FnmNBA%3D%3D&position=6&pageNum=0&trk=public_jobs_jserp-result_search-card,Romania
6,2022-11-23,FULL STACK DEVELOPER (NODE.JS & ANGULAR),Talent Matchmakers,https://ro.linkedin.com/jobs/view/full-stack-developer-node-js-angular-at-talent-matchmakers-3373488745?refId=m671nXocHPk9lTIEdwxb0w%3D%3D&trackingId=rucddpNyNT744QyespWD4A%3D%3D&position=7&pageNum=0&trk=public_jobs_jserp-result_search-card,Romania
7,2022-11-24,Remote Full Stack Developer 1 Jobs,Turing,https://ro.linkedin.com/jobs/view/remote-full-stack-developer-1-jobs-at-turing-3390706049?refId=m671nXocHPk9lTIEdwxb0w%3D%3D&trackingId=BqL%2FuE%2FLbGywFI1C8gnxjw%3D%3D&position=8&pageNum=0&trk=public_jobs_jserp-result_search-card,Romania
8,2022-12-07,Fullstack Software Engineer (Microsoft Teams),Microsoft,https://ro.linkedin.com/jobs/view/fullstack-software-engineer-microsoft-teams-at-microsoft-3388064199?refId=m671nXocHPk9lTIEdwxb0w%3D%3D&trackingId=jmP8YudjSsbWu8IuzAI7cg%3D%3D&position=9&pageNum=0&trk=public_jobs_jserp-result_search-card,"Constanţa, Constanţa, Romania"
9,2022-12-09,Full Stack Laravel Developer,Concept24,https://ro.linkedin.com/jobs/view/full-stack-laravel-developer-at-concept24-3388074290?refId=m671nXocHPk9lTIEdwxb0w%3D%3D&trackingId=Za3eX84ri9aZGFRE25I1Ng%3D%3D&position=10&pageNum=0&trk=public_jobs_jserp-result_search-card,"Bucharest, Romania"
10,2022-11-24,Remote Front-End Engineer Jobs,Turing,https://ro.linkedin.com/jobs/view/remote-front-end-engineer-jobs-at-turing-3390700349?refId=m671nXocHPk9lTIEdwxb0w%3D%3D&trackingId=r7sZjqSDPCSKe8QViIBhPA%3D%3D&position=11&pageNum=0&trk=public_jobs_jserp-result_search-card,Romania
11,2022-12-17,Fullstack Developer (.Net&Angular),Sustainalytics,https://ro.linkedin.com/jobs/view/fullstack-developer-net-angular-at-sustainalytics-3315765333?refId=m671nXocHPk9lTIEdwxb0w%3D%3D&trackingId=cPguENfonREfoLRrxVCIxg%3D%3D&position=12&pageNum=0&trk=public_jobs_jserp-result_search-card,"Bucharest, Bucharest, Romania"
12,2022-12-06,Fullstack Java Developer,Berg Software,https://ro.linkedin.com/jobs/view/fullstack-java-developer-at-berg-software-3387208822?refId=m671nXocHPk9lTIEdwxb0w%3D%3D&trackingId=NzpMM4knXLkytJxvZjtdtQ%3D%3D&position=13&pageNum=0&trk=public_jobs_jserp-result_search-card,Romania
13,2022-12-14,Full-stack Software Developer,Brillio,https://ro.linkedin.com/jobs/view/full-stack-software-developer-at-brillio-3400261187?refId=m671nXocHPk9lTIEdwxb0w%3D%3D&trackingId=tmhVLyLII5xCN4tXdugqbg%3D%3D&position=14&pageNum=0&trk=public_jobs_jserp-result_search-card,"Bucharest, Bucharest, Romania"
14,2022-12-07,Fullstack Software Engineer (Microsoft Teams),Microsoft,https://ro.linkedin.com/jobs/view/fullstack-software-engineer-microsoft-teams-at-microsoft-3388065202?refId=m671nXocHPk9lTIEdwxb0w%3D%3D&trackingId=WGs4VHRDqGca857yPezdDQ%3D%3D&position=15&pageNum=0&trk=public_jobs_jserp-result_search-card,"Prahova, Romania"
15,2022-12-10,.NET Full Stack Developer (Middle) M/F,Inetum,https://ro.linkedin.com/jobs/view/net-full-stack-developer-middle-m-f-at-inetum-3385331703?refId=m671nXocHPk9lTIEdwxb0w%3D%3D&trackingId=892xTlLD9NZp73RImzs9CQ%3D%3D&position=16&pageNum=0&trk=public_jobs_jserp-result_search-card,"Bucharest, Bucharest, Romania"
16,2022-12-07,Fullstack Software Engineer (Microsoft Teams),Microsoft,https://ro.linkedin.com/jobs/view/fullstack-software-engineer-microsoft-teams-at-microsoft-3388063594?refId=m671nXocHPk9lTIEdwxb0w%3D%3D&trackingId=JpoNYMtpvURpikRazcV3Qw%3D%3D&position=17&pageNum=0&trk=public_jobs_jserp-result_search-card,"Neamţ, Romania"
17,2022-12-08,Angular Developer Job,NTT DATA Romania,https://ro.linkedin.com/jobs/view/angular-developer-job-at-ntt-data-romania-3389583342?refId=m671nXocHPk9lTIEdwxb0w%3D%3D&trackingId=nurKSDcnEITkU3G4oJ5d9w%3D%3D&position=18&pageNum=0&trk=public_jobs_jserp-result_search-card,"Bucharest, Bucharest, Romania"
18,2022-12-07,Fullstack Software Engineer (Microsoft Teams),Microsoft,https://ro.linkedin.com/jobs/view/fullstack-software-engineer-microsoft-teams-at-microsoft-3388068017?refId=m671nXocHPk9lTIEdwxb0w%3D%3D&trackingId=C%2BVR0ktim%2Fkhvby5DALeVg%3D%3D&position=19&pageNum=0&trk=public_jobs_jserp-result_search-card,"Vâlcea, Romania"
19,2022-11-24,Remote Front-End Developer Jobs,Turing,https://ro.linkedin.com/jobs/view/remote-front-end-developer-jobs-at-turing-3390704133?refId=m671nXocHPk9lTIEdwxb0w%3D%3D&trackingId=4rd9SHWqSP7FuBmnaQjVmQ%3D%3D&position=20&pageNum=0&trk=public_jobs_jserp-result_search-card,Romania
20,2022-12-19,Fullstack Developer Job,NTT DATA Romania,https://ro.linkedin.com/jobs/view/fullstack-developer-job-at-ntt-data-romania-3401884744?refId=m671nXocHPk9lTIEdwxb0w%3D%3D&trackingId=%2F%2FlYP1EBxpaWKWb6Peea8w%3D%3D&position=21&pageNum=0&trk=public_jobs_jserp-result_search-card,"Sibiu, Sibiu, Romania"
21,2022-12-07,Fullstack Software Engineer (Microsoft Teams),Microsoft,https://ro.linkedin.com/jobs/view/fullstack-software-engineer-microsoft-teams-at-microsoft-3388062732?refId=m671nXocHPk9lTIEdwxb0w%3D%3D&trackingId=3q1rbdqUgV3Tj2NrBPQH%2Bg%3D%3D&position=22&pageNum=0&trk=public_jobs_jserp-result_search-card,"Bucharest, Bucharest, Romania"
22,2022-12-05,Angular Developer - mid level - preferable on site/ hybrid/ remote,Spyhce,https://ro.linkedin.com/jobs/view/angular-developer-mid-level-preferable-on-site-hybrid-remote-at-spyhce-3388146974?refId=m671nXocHPk9lTIEdwxb0w%3D%3D&trackingId=D7TM%2B0YzWdULKnR78MByvQ%3D%3D&position=23&pageNum=0&trk=public_jobs_jserp-result_search-card,Cluj-Napoca Metropolitan Area
23,2022-12-07,Fullstack Software Engineer (Microsoft Teams),Microsoft,https://ro.linkedin.com/jobs/view/fullstack-software-engineer-microsoft-teams-at-microsoft-3388068019?refId=m671nXocHPk9lTIEdwxb0w%3D%3D&trackingId=79a2tkue54RmR%2BswWVmcYA%3D%3D&position=24&pageNum=0&trk=public_jobs_jserp-result_search-card,"Brăila, Brăila, Romania"
24,2022-12-07,Fullstack Software Engineer (Microsoft Teams),Microsoft,https://ro.linkedin.com/jobs/view/fullstack-software-engineer-microsoft-teams-at-microsoft-3388066178?refId=m671nXocHPk9lTIEdwxb0w%3D%3D&trackingId=UGhS7ULKBdMC1J3MPg2iAg%3D%3D&position=25&pageNum=0&trk=public_jobs_jserp-result_search-card,"Teleorman, Romania"
25,2022-11-20,QA Automation Engineer (JavaScript),Grid Dynamics,https://ro.linkedin.com/jobs/view/qa-automation-engineer-javascript-at-grid-dynamics-3395182514?refId=AedPHII7hb2CBAqZYr2OcA%3D%3D&trackingId=4qHXhnqq%2F2wZxh7qIedOFg%3D%3D&position=1&pageNum=1&trk=public_jobs_jserp-result_search-card,"Timişoara, Timiş, Romania"
26,2022-12-13,JavaScript / jQuery Web Developer (f/m/d),CENIT,https://ro.linkedin.com/jobs/view/javascript-jquery-web-developer-f-m-d-at-cenit-3398596773?refId=AedPHII7hb2CBAqZYr2OcA%3D%3D&trackingId=ppVz9luUs7XsY2j6xGZjPQ%3D%3D&position=2&pageNum=1&trk=public_jobs_jserp-result_search-card,"Iaşi, Romania"
27,2022-12-07,Fullstack Software Engineer (Microsoft Teams),Microsoft,https://ro.linkedin.com/jobs/view/fullstack-software-engineer-microsoft-teams-at-microsoft-3388062731?refId=AedPHII7hb2CBAqZYr2OcA%3D%3D&trackingId=8K7s3uC6TffuUM8sNFy%2FSg%3D%3D&position=3&pageNum=1&trk=public_jobs_jserp-result_search-card,"Cluj-Napoca, Cluj, Romania"
28,2022-12-05,.Net Full Stack Developer for Automotive tools Job,NTT DATA Romania,https://ro.linkedin.com/jobs/view/net-full-stack-developer-for-automotive-tools-job-at-ntt-data-romania-3158014271?refId=AedPHII7hb2CBAqZYr2OcA%3D%3D&trackingId=uFQ0jvVO6FGoicNG7FYgSg%3D%3D&position=4&pageNum=1&trk=public_jobs_jserp-result_search-card,"Sibiu, Sibiu, Romania"
29,2022-12-09,Fullstack Developer – Vue.JS/.Net at ERNI Development Center Romania,join.com,https://ro.linkedin.com/jobs/view/fullstack-developer-%E2%80%93-vue-js-net-at-erni-development-center-romania-at-join-com-3393742217?refId=AedPHII7hb2CBAqZYr2OcA%3D%3D&trackingId=lMtBFlU2LCnaf9Ejo7wFWw%3D%3D&position=5&pageNum=1&trk=public_jobs_jserp-result_search-card,"Cluj-Napoca, Cluj, Romania"
30,2022-12-07,Fullstack Software Engineer (Microsoft Teams),Microsoft,https://ro.linkedin.com/jobs/view/fullstack-software-engineer-microsoft-teams-at-microsoft-3388062727?refId=AedPHII7hb2CBAqZYr2OcA%3D%3D&trackingId=1SRuVSA72ftQ82JP9zqzzg%3D%3D&position=6&pageNum=1&trk=public_jobs_jserp-result_search-card,"Bogata, Mureş, Romania"
31,2022-12-16,PHP & Javascript Developer,Baboon Web Design,https://ro.linkedin.com/jobs/view/php-javascript-developer-at-baboon-web-design-3400016790?refId=AedPHII7hb2CBAqZYr2OcA%3D%3D&trackingId=YiNVCptfB%2F1%2Fwx%2B6kyxrRA%3D%3D&position=7&pageNum=1&trk=public_jobs_jserp-result_search-card,"Cluj-Napoca, Cluj, Romania"
32,2022-12-16,Full Stack Developer,Infosys,https://ro.linkedin.com/jobs/view/full-stack-developer-at-infosys-3309518733?refId=AedPHII7hb2CBAqZYr2OcA%3D%3D&trackingId=PO5w%2ByeUowKHguTLZ6gWAA%3D%3D&position=8&pageNum=1&trk=public_jobs_jserp-result_search-card,"Bucharest, Bucharest, Romania"
33,2022-11-25,Junior Frontend Developer UX/UI (m/f/d),Undelucram.ro,https://ro.linkedin.com/jobs/view/junior-frontend-developer-ux-ui-m-f-d-at-undelucram-ro-3407063964?refId=AedPHII7hb2CBAqZYr2OcA%3D%3D&trackingId=KdS5%2FRU5s6JeUCD4YsFdxg%3D%3D&position=9&pageNum=1&trk=public_jobs_jserp-result_search-card,"Cluj-Napoca, Cluj, Romania"
34,2022-12-08,Web Developer,Bell Gateway,https://ro.linkedin.com/jobs/view/web-developer-at-bell-gateway-3389145905?refId=AedPHII7hb2CBAqZYr2OcA%3D%3D&trackingId=MsHemCZEy0eeZx9bqTWygA%3D%3D&position=10&pageNum=1&trk=public_jobs_jserp-result_search-card,"Bucharest, Romania"
35,2022-12-06,CRM - Front End Web Developer,Ubisoft Romania,https://ro.linkedin.com/jobs/view/crm-front-end-web-developer-at-ubisoft-romania-3357221167?refId=AedPHII7hb2CBAqZYr2OcA%3D%3D&trackingId=9g3KkQiBfR3GNqvaSt0Sow%3D%3D&position=11&pageNum=1&trk=public_jobs_jserp-result_search-card,"Bucharest, Bucharest, Romania"
36,2022-12-19,Fullstack Developer Job,NTT DATA Romania,https://ro.linkedin.com/jobs/view/fullstack-developer-job-at-ntt-data-romania-3401882956?refId=AedPHII7hb2CBAqZYr2OcA%3D%3D&trackingId=JG9jzc7tK0%2FMlhSR1vi1zQ%3D%3D&position=12&pageNum=1&trk=public_jobs_jserp-result_search-card,"Bucharest, Bucharest, Romania"
37,2022-12-07,Fullstack Software Engineer (Microsoft Teams),Microsoft,https://ro.linkedin.com/jobs/view/fullstack-software-engineer-microsoft-teams-at-microsoft-3388063596?refId=AedPHII7hb2CBAqZYr2OcA%3D%3D&trackingId=9gVsMP9nPoBbqmTcQev32w%3D%3D&position=13&pageNum=1&trk=public_jobs_jserp-result_search-card,"Vrancea, Romania"
38,2022-12-13,"Front-End Developer (Angular), REMOTE",Pentalog,https://ro.linkedin.com/jobs/view/front-end-developer-angular-remote-at-pentalog-3395309619?refId=AedPHII7hb2CBAqZYr2OcA%3D%3D&trackingId=38gJETM7NAu6HCdUTFUQUQ%3D%3D&position=14&pageNum=1&trk=public_jobs_jserp-result_search-card,Cluj-Napoca Metropolitan Area
39,2022-12-07,Fullstack Software Engineer (Microsoft Teams),Microsoft,https://ro.linkedin.com/jobs/view/fullstack-software-engineer-microsoft-teams-at-microsoft-3388067135?refId=AedPHII7hb2CBAqZYr2OcA%3D%3D&trackingId=G7O0USAx1s8yW9ia4KdbQA%3D%3D&position=15&pageNum=1&trk=public_jobs_jserp-result_search-card,"Timiş, Romania"
40,2022-11-22,Web Developer - Workplace Engineering,Canonical,https://ro.linkedin.com/jobs/view/web-developer-workplace-engineering-at-canonical-3400586726?refId=AedPHII7hb2CBAqZYr2OcA%3D%3D&trackingId=nKoY1tvD%2BNZ69CDqK4xntg%3D%3D&position=16&pageNum=1&trk=public_jobs_jserp-result_search-card,"Cluj-Napoca, Cluj, Romania"
41,2022-12-07,Fullstack Software Engineer (Microsoft Teams),Microsoft,https://ro.linkedin.com/jobs/view/fullstack-software-engineer-microsoft-teams-at-microsoft-3388066182?refId=AedPHII7hb2CBAqZYr2OcA%3D%3D&trackingId=WBehiXEMsoqagd%2FE9RQ%2F1w%3D%3D&position=17&pageNum=1&trk=public_jobs_jserp-result_search-card,"Alba, Romania"
42,2022-12-07,Fullstack Software Engineer (Microsoft Teams),Microsoft,https://ro.linkedin.com/jobs/view/fullstack-software-engineer-microsoft-teams-at-microsoft-3388060982?refId=AedPHII7hb2CBAqZYr2OcA%3D%3D&trackingId=adHvdSnwWWYNNoYfBGT6Ng%3D%3D&position=18&pageNum=1&trk=public_jobs_jserp-result_search-card,"Bistriţa, Bistriţa-Năsăud, Romania"
43,2022-12-07,Fullstack Software Engineer (Microsoft Teams),Microsoft,https://ro.linkedin.com/jobs/view/fullstack-software-engineer-microsoft-teams-at-microsoft-3388064191?refId=AedPHII7hb2CBAqZYr2OcA%3D%3D&trackingId=GwrDmtdBkzeO%2B4SO03lVoQ%3D%3D&position=19&pageNum=1&trk=public_jobs_jserp-result_search-card,"Sibiu, Sibiu, Romania"
44,2022-12-05,react developer,Luxoft,https://ro.linkedin.com/jobs/view/react-developer-at-luxoft-3387983603?refId=AedPHII7hb2CBAqZYr2OcA%3D%3D&trackingId=%2BzbKSpiBZFUdRNQPsjWrDQ%3D%3D&position=20&pageNum=1&trk=public_jobs_jserp-result_search-card,Romania
45,2022-11-24,Remote Front-End Developer Jobs,Turing,https://ro.linkedin.com/jobs/view/remote-front-end-developer-jobs-at-turing-3390707137?refId=AedPHII7hb2CBAqZYr2OcA%3D%3D&trackingId=uLeHwqaQypgSMgBjFGwMAg%3D%3D&position=21&pageNum=1&trk=public_jobs_jserp-result_search-card,Romania
46,2022-12-14,Fullstack Developer with React Focus,doctari,https://ro.linkedin.com/jobs/view/fullstack-developer-with-react-focus-at-doctari-3400879189?refId=AedPHII7hb2CBAqZYr2OcA%3D%3D&trackingId=sCGPJGaytS6i7HKsvJQj2Q%3D%3D&position=22&pageNum=1&trk=public_jobs_jserp-result_search-card,"Timişoara, Timiş, Romania"
47,2022-11-24,Remote Web Front-End Developer Jobs,Turing,https://ro.linkedin.com/jobs/view/remote-web-front-end-developer-jobs-at-turing-3390704407?refId=AedPHII7hb2CBAqZYr2OcA%3D%3D&trackingId=AcPH%2BrUh4lP6oMeBXQVTtA%3D%3D&position=23&pageNum=1&trk=public_jobs_jserp-result_search-card,Romania
48,2022-12-15,React Developer,Luxoft,https://ro.linkedin.com/jobs/view/react-developer-at-luxoft-3401906965?refId=AedPHII7hb2CBAqZYr2OcA%3D%3D&trackingId=NxmvcVbAKRzoiMIGMbqM5w%3D%3D&position=24&pageNum=1&trk=public_jobs_jserp-result_search-card,Romania
49,2022-11-29,Senior JavaScript Developer with React,Luxoft,https://ro.linkedin.com/jobs/view/senior-javascript-developer-with-react-at-luxoft-3380538751?refId=AedPHII7hb2CBAqZYr2OcA%3D%3D&trackingId=Ls%2FxjKAiNH4wLH%2B86hmc6g%3D%3D&position=25&pageNum=1&trk=public_jobs_jserp-result_search-card,Romania
50,2022-11-24,Remote Web Front-End Developer Jobs,Turing,https://ro.linkedin.com/jobs/view/remote-web-front-end-developer-jobs-at-turing-3390704407?refId=wgoNg7owrq%2BW4w6mMJHm7g%3D%3D&trackingId=w5ajfWTN9cH9fKu9dCjrIw%3D%3D&position=1&pageNum=2&trk=public_jobs_jserp-result_search-card,Romania
51,2022-12-15,React Developer,Luxoft,https://ro.linkedin.com/jobs/view/react-developer-at-luxoft-3401906965?refId=wgoNg7owrq%2BW4w6mMJHm7g%3D%3D&trackingId=SaH%2BQTATIGHeCW157uID1Q%3D%3D&position=2&pageNum=2&trk=public_jobs_jserp-result_search-card,Romania
52,2022-11-29,Senior JavaScript Developer with React,Luxoft,https://ro.linkedin.com/jobs/view/senior-javascript-developer-with-react-at-luxoft-3380538751?refId=wgoNg7owrq%2BW4w6mMJHm7g%3D%3D&trackingId=EVZ8pXdYcPSS0O%2FOx5nF3g%3D%3D&position=3&pageNum=2&trk=public_jobs_jserp-result_search-card,Romania
53,2022-12-07,Fullstack Software Engineer (Microsoft Teams),Microsoft,https://ro.linkedin.com/jobs/view/fullstack-software-engineer-microsoft-teams-at-microsoft-3388060983?refId=wgoNg7owrq%2BW4w6mMJHm7g%3D%3D&trackingId=BSYFb6zr6F7o0aD1hbqaaQ%3D%3D&position=4&pageNum=2&trk=public_jobs_jserp-result_search-card,"Dîmboviţa, Romania"
54,2022-12-07,Fullstack Software Engineer (Microsoft Teams),Microsoft,https://ro.linkedin.com/jobs/view/fullstack-software-engineer-microsoft-teams-at-microsoft-3388063591?refId=wgoNg7owrq%2BW4w6mMJHm7g%3D%3D&trackingId=YmSKZr%2Bdkg%2F%2FT9MkLFjRhA%3D%3D&position=5&pageNum=2&trk=public_jobs_jserp-result_search-card,"Tulcea, Tulcea, Romania"
55,2022-11-24,REACT NATIVE DEVELOPER,Talent Matchmakers,https://ro.linkedin.com/jobs/view/react-native-developer-at-talent-matchmakers-3405732085?refId=wgoNg7owrq%2BW4w6mMJHm7g%3D%3D&trackingId=OB03QB1mSFRiNjcYxW3bkw%3D%3D&position=6&pageNum=2&trk=public_jobs_jserp-result_search-card,Romania
56,2022-11-24,Remote Full-Stack Developer Jobs,Turing,https://ro.linkedin.com/jobs/view/remote-full-stack-developer-jobs-at-turing-3390712037?refId=wgoNg7owrq%2BW4w6mMJHm7g%3D%3D&trackingId=3wlNrYcUzTcyHkPev%2F7RTw%3D%3D&position=7&pageNum=2&trk=public_jobs_jserp-result_search-card,Romania
57,2022-12-13,Fullstack Engineer (MetaMask Grants),ConsenSys,https://ro.linkedin.com/jobs/view/fullstack-engineer-metamask-grants-at-consensys-3399416516?refId=wgoNg7owrq%2BW4w6mMJHm7g%3D%3D&trackingId=m%2BoqU0IsrELSp7pMsbVWfw%3D%3D&position=8&pageNum=2&trk=public_jobs_jserp-result_search-card,Romania
58,2022-12-07,Fullstack Software Engineer (Microsoft Teams),Microsoft,https://ro.linkedin.com/jobs/view/fullstack-software-engineer-microsoft-teams-at-microsoft-3388065198?refId=wgoNg7owrq%2BW4w6mMJHm7g%3D%3D&trackingId=VzhPe%2FoOUKla02m36cH0NA%3D%3D&position=9&pageNum=2&trk=public_jobs_jserp-result_search-card,"Caraş-Severin, Romania"
59,2022-12-07,Fullstack Software Engineer (Microsoft Teams),Microsoft,https://ro.linkedin.com/jobs/view/fullstack-software-engineer-microsoft-teams-at-microsoft-3388063597?refId=wgoNg7owrq%2BW4w6mMJHm7g%3D%3D&trackingId=oVB8jNYJNh%2F0xxhVB9o3Rw%3D%3D&position=10&pageNum=2&trk=public_jobs_jserp-result_search-card,"Covasna, Romania"
60,2022-12-06,Full Stack Developer (Java + Angular),Pentalog,https://ro.linkedin.com/jobs/view/full-stack-developer-java-%2B-angular-at-pentalog-3387657713?refId=wgoNg7owrq%2BW4w6mMJHm7g%3D%3D&trackingId=9s6EzTS2RW51xzjVoBHLrA%3D%3D&position=11&pageNum=2&trk=public_jobs_jserp-result_search-card,Cluj-Napoca Metropolitan Area
61,2022-11-24,Remote React Native Developer Jobs,Turing,https://ro.linkedin.com/jobs/view/remote-react-native-developer-jobs-at-turing-3390709788?refId=wgoNg7owrq%2BW4w6mMJHm7g%3D%3D&trackingId=ucn5bbKw3P1unSmoX2yajw%3D%3D&position=12&pageNum=2&trk=public_jobs_jserp-result_search-card,Romania
62,2022-12-07,Fullstack Software Engineer (Microsoft Teams),Microsoft,https://ro.linkedin.com/jobs/view/fullstack-software-engineer-microsoft-teams-at-microsoft-3388062722?refId=wgoNg7owrq%2BW4w6mMJHm7g%3D%3D&trackingId=cfEZQGh28Nz4VrEEbR%2BiZA%3D%3D&position=13&pageNum=2&trk=public_jobs_jserp-result_search-card,"Buzău, Buzău, Romania"
63,2022-11-25,Full stack Developer .NET and Angular,Luxoft Romania,https://ro.linkedin.com/jobs/view/full-stack-developer-net-and-angular-at-luxoft-romania-3376232335?refId=wgoNg7owrq%2BW4w6mMJHm7g%3D%3D&trackingId=L5ULKQK9eXqw7rb9L2xhgQ%3D%3D&position=14&pageNum=2&trk=public_jobs_jserp-result_search-card,Romania
64,2022-11-24,Remote Full-Stack Engineer (Front-End-Heavy) Jobs,Turing,https://ro.linkedin.com/jobs/view/remote-full-stack-engineer-front-end-heavy-jobs-at-turing-3390704290?refId=wgoNg7owrq%2BW4w6mMJHm7g%3D%3D&trackingId=kpJA6uBZeIFGd093VacHKg%3D%3D&position=15&pageNum=2&trk=public_jobs_jserp-result_search-card,Romania
65,2022-12-07,Fullstack Software Engineer (Microsoft Teams),Microsoft,https://ro.linkedin.com/jobs/view/fullstack-software-engineer-microsoft-teams-at-microsoft-3388062725?refId=wgoNg7owrq%2BW4w6mMJHm7g%3D%3D&trackingId=DvxaaQS%2FCg2CfPM5e%2BpDCQ%3D%3D&position=16&pageNum=2&trk=public_jobs_jserp-result_search-card,"Arad, Arad, Romania"
66,2022-12-06,ReactJS developer,Luxoft,https://ro.linkedin.com/jobs/view/reactjs-developer-at-luxoft-3389887486?refId=wgoNg7owrq%2BW4w6mMJHm7g%3D%3D&trackingId=9%2BJH4KH0kJ4%2F8P%2BXOJbhIw%3D%3D&position=17&pageNum=2&trk=public_jobs_jserp-result_search-card,"Cluj, Romania"
67,2022-12-19,Full Stack Python React Developer,Softpeak,https://ro.linkedin.com/jobs/view/full-stack-python-react-developer-at-softpeak-3401862670?refId=wgoNg7owrq%2BW4w6mMJHm7g%3D%3D&trackingId=yiba7fa2NoWCDUgblmg8VA%3D%3D&position=18&pageNum=2&trk=public_jobs_jserp-result_search-card,Romania
68,2022-11-24,Remote Full-Stack Developer Jobs,Turing,https://ro.linkedin.com/jobs/view/remote-full-stack-developer-jobs-at-turing-3390713001?refId=wgoNg7owrq%2BW4w6mMJHm7g%3D%3D&trackingId=CYA54QFhuIlr5UJNkg52CQ%3D%3D&position=19&pageNum=2&trk=public_jobs_jserp-result_search-card,Romania
69,2022-12-07,Fullstack Software Engineer (Microsoft Teams),Microsoft,https://ro.linkedin.com/jobs/view/fullstack-software-engineer-microsoft-teams-at-microsoft-3388063598?refId=wgoNg7owrq%2BW4w6mMJHm7g%3D%3D&trackingId=qDMnO5LwfgwNqOq%2FLijasg%3D%3D&position=20&pageNum=2&trk=public_jobs_jserp-result_search-card,"Vaslui, Vaslui, Romania"
70,2022-11-22,FullStack Developer (Node.js),Endava,https://ro.linkedin.com/jobs/view/fullstack-developer-node-js-at-endava-3403998792?refId=wgoNg7owrq%2BW4w6mMJHm7g%3D%3D&trackingId=a3z4HIsTwMUPOuV9ifNfdg%3D%3D&position=21&pageNum=2&trk=public_jobs_jserp-result_search-card,"Timişoara, Timiş, Romania"
71,2022-12-08,Angular Developer Job,NTT DATA Romania,https://ro.linkedin.com/jobs/view/angular-developer-job-at-ntt-data-romania-3389585193?refId=wgoNg7owrq%2BW4w6mMJHm7g%3D%3D&trackingId=UBCNrI9QTXdVaryaSMqmJw%3D%3D&position=22&pageNum=2&trk=public_jobs_jserp-result_search-card,"Sibiu, Sibiu, Romania"
72,2022-12-07,Fullstack Software Engineer (Microsoft Teams),Microsoft,https://ro.linkedin.com/jobs/view/fullstack-software-engineer-microsoft-teams-at-microsoft-3388062726?refId=wgoNg7owrq%2BW4w6mMJHm7g%3D%3D&trackingId=1CBxMYBgaqQP0CNy2ioLKA%3D%3D&position=23&pageNum=2&trk=public_jobs_jserp-result_search-card,"Timişoara, Timiş, Romania"
73,2022-12-07,Full Stack Laravel Developer,Concept24,https://ro.linkedin.com/jobs/view/full-stack-laravel-developer-at-concept24-3388075574?refId=wgoNg7owrq%2BW4w6mMJHm7g%3D%3D&trackingId=RWUjdr9iikPKXMs%2BvazsnA%3D%3D&position=24&pageNum=2&trk=public_jobs_jserp-result_search-card,"Bucharest, Bucharest, Romania"
74,2022-12-08,JavaScript Engineer - Quicktools,Picsart,https://ro.linkedin.com/jobs/view/javascript-engineer-quicktools-at-picsart-3382514839?refId=wgoNg7owrq%2BW4w6mMJHm7g%3D%3D&trackingId=q0ZgDOMuTImmL8kzgE1jBA%3D%3D&position=25&pageNum=2&trk=public_jobs_jserp-result_search-card,"Bucharest, Bucharest, Romania"
75,2022-12-07,Fullstack Software Engineer (Microsoft Teams),Microsoft,https://ro.linkedin.com/jobs/view/fullstack-software-engineer-microsoft-teams-at-microsoft-3388066179?refId=kD1L8%2F6EKgHHGNlVAh7GLQ%3D%3D&trackingId=tkQDeHRG5akoFKaQXYlaiw%3D%3D&position=1&pageNum=3&trk=public_jobs_jserp-result_search-card,"Ilfov, Romania"
76,2022-12-08,Angular Developer Job,NTT DATA Romania,https://ro.linkedin.com/jobs/view/angular-developer-job-at-ntt-data-romania-3389578761?refId=kD1L8%2F6EKgHHGNlVAh7GLQ%3D%3D&trackingId=kvfG1WEmqImbz%2B8ZSyIMrg%3D%3D&position=2&pageNum=3&trk=public_jobs_jserp-result_search-card,"Braşov, Braşov, Romania"
77,2022-12-07,Fullstack Software Engineer (Microsoft Teams),Microsoft,https://ro.linkedin.com/jobs/view/fullstack-software-engineer-microsoft-teams-at-microsoft-3388065199?refId=kD1L8%2F6EKgHHGNlVAh7GLQ%3D%3D&trackingId=v3LDsTDHhPs%2Bmdrpltl0JQ%3D%3D&position=3&pageNum=3&trk=public_jobs_jserp-result_search-card,"Ialomiţa, Romania"
78,2022-11-24,Remote Front-End Developer Jobs,Turing,https://ro.linkedin.com/jobs/view/remote-front-end-developer-jobs-at-turing-3390702606?refId=kD1L8%2F6EKgHHGNlVAh7GLQ%3D%3D&trackingId=5G7YeAkOkl%2FcZCEG3MecBw%3D%3D&position=4&pageNum=3&trk=public_jobs_jserp-result_search-card,Romania
79,2022-11-24,Remote Frontend Angular Engineer (2) Jobs,Turing,https://ro.linkedin.com/jobs/view/remote-frontend-angular-engineer-2-jobs-at-turing-3390593825?refId=kD1L8%2F6EKgHHGNlVAh7GLQ%3D%3D&trackingId=0u2NbQtTTAKqWS2WAkDogw%3D%3D&position=5&pageNum=3&trk=public_jobs_jserp-result_search-card,Romania
80,2022-12-16,Middle PHP Fullstack Developer,AMS Accelerate IT,https://ro.linkedin.com/jobs/view/middle-php-fullstack-developer-at-ams-accelerate-it-3400032026?refId=kD1L8%2F6EKgHHGNlVAh7GLQ%3D%3D&trackingId=6mgJO21iv0dhe6N5tr7lJg%3D%3D&position=6&pageNum=3&trk=public_jobs_jserp-result_search-card,"Timişoara, Timiş, Romania"
81,2022-11-24,Remote Full Stack Developer 1 Jobs,Turing,https://ro.linkedin.com/jobs/view/remote-full-stack-developer-1-jobs-at-turing-3390706049?refId=kD1L8%2F6EKgHHGNlVAh7GLQ%3D%3D&trackingId=I%2FjpfYKEuqkZPc82Hjc%2FKg%3D%3D&position=7&pageNum=3&trk=public_jobs_jserp-result_search-card,Romania
82,2022-11-24,Remote Front-End Software Engineer Jobs,Turing,https://ro.linkedin.com/jobs/view/remote-front-end-software-engineer-jobs-at-turing-3390703762?refId=kD1L8%2F6EKgHHGNlVAh7GLQ%3D%3D&trackingId=og8XixISxA6MoG12C8e2mA%3D%3D&position=8&pageNum=3&trk=public_jobs_jserp-result_search-card,Romania
83,2022-12-07,Fullstack Software Engineer (Microsoft Teams),Microsoft,https://ro.linkedin.com/jobs/view/fullstack-software-engineer-microsoft-teams-at-microsoft-3388066183?refId=kD1L8%2F6EKgHHGNlVAh7GLQ%3D%3D&trackingId=JILHdM1f%2Biipp2bqO8P1Dg%3D%3D&position=9&pageNum=3&trk=public_jobs_jserp-result_search-card,"Iaşi, Iaşi, Romania"
84,2022-11-28,Fullstack Developer,AECOM,https://ro.linkedin.com/jobs/view/fullstack-developer-at-aecom-3367035437?refId=kD1L8%2F6EKgHHGNlVAh7GLQ%3D%3D&trackingId=9TP7FCc%2F0ktzuE2qh7DBxA%3D%3D&position=10&pageNum=3&trk=public_jobs_jserp-result_search-card,"Voluntari, Ilfov, Romania"
85,2022-12-10,Salesforce Engineer,Pentalog,https://ro.linkedin.com/jobs/view/salesforce-engineer-at-pentalog-3391069391?refId=kD1L8%2F6EKgHHGNlVAh7GLQ%3D%3D&trackingId=SlND9bhjmmYy31UcUQQl6g%3D%3D&position=11&pageNum=3&trk=public_jobs_jserp-result_search-card,Cluj-Napoca Metropolitan Area
86,2022-12-08,Angular Developer Job,NTT DATA Romania,https://ro.linkedin.com/jobs/view/angular-developer-job-at-ntt-data-romania-3389585192?refId=kD1L8%2F6EKgHHGNlVAh7GLQ%3D%3D&trackingId=H3H%2B3W5LIkgiYtfnnlTfpg%3D%3D&position=12&pageNum=3&trk=public_jobs_jserp-result_search-card,"Iaşi, Iaşi, Romania"
87,2022-12-07,Fullstack Software Engineer (Microsoft Teams),Microsoft,https://ro.linkedin.com/jobs/view/fullstack-software-engineer-microsoft-teams-at-microsoft-3388065201?refId=kD1L8%2F6EKgHHGNlVAh7GLQ%3D%3D&trackingId=LN5A38pv60glOTsyJzc%2BaQ%3D%3D&position=13&pageNum=3&trk=public_jobs_jserp-result_search-card,"Braşov, Braşov, Romania"
88,2022-12-07,Fullstack Software Engineer (Microsoft Teams),Microsoft,https://ro.linkedin.com/jobs/view/fullstack-software-engineer-microsoft-teams-at-microsoft-3388064192?refId=kD1L8%2F6EKgHHGNlVAh7GLQ%3D%3D&trackingId=%2BA5ixFZmWaGxw2FbDX5Svg%3D%3D&position=14&pageNum=3&trk=public_jobs_jserp-result_search-card,"Dolj, Romania"
89,2022-11-20,UI Developer with Angular,Grid Dynamics,https://ro.linkedin.com/jobs/view/ui-developer-with-angular-at-grid-dynamics-3395185131?refId=kD1L8%2F6EKgHHGNlVAh7GLQ%3D%3D&trackingId=9CHy6gS8hTKWtZlvFrxP1A%3D%3D&position=15&pageNum=3&trk=public_jobs_jserp-result_search-card,"Timişoara, Timiş, Romania"
90,2022-12-07,Fullstack Software Engineer (Microsoft Teams),Microsoft,https://ro.linkedin.com/jobs/view/fullstack-software-engineer-microsoft-teams-at-microsoft-3388060981?refId=kD1L8%2F6EKgHHGNlVAh7GLQ%3D%3D&trackingId=Osj7zL%2FHkfLcPhOgBP7G8A%3D%3D&position=16&pageNum=3&trk=public_jobs_jserp-result_search-card,"Iaşi, Iaşi, Romania"
91,2022-12-09,Junior Full Stack Engineer at Sector Labs Cluj,Bayut.com,https://ro.linkedin.com/jobs/view/junior-full-stack-engineer-at-sector-labs-cluj-at-bayut-com-3390109384?refId=kD1L8%2F6EKgHHGNlVAh7GLQ%3D%3D&trackingId=qiwCzi%2B1%2BYFgFfFvLsPjrw%3D%3D&position=17&pageNum=3&trk=public_jobs_jserp-result_search-card,"Cluj-Napoca, Cluj, Romania"
92,2022-12-19,Software Engineer – Full Stack,SS&C Technologies,https://ro.linkedin.com/jobs/view/software-engineer-%E2%80%93-full-stack-at-ss-c-technologies-3190667095?refId=kD1L8%2F6EKgHHGNlVAh7GLQ%3D%3D&trackingId=a9rdzbvZZxNpdwKCUXv1dg%3D%3D&position=18&pageNum=3&trk=public_jobs_jserp-result_search-card,"Bucharest, Bucharest, Romania"
93,2022-12-14,Frontend Engineer,Binance,https://ro.linkedin.com/jobs/view/frontend-engineer-at-binance-3400905755?refId=kD1L8%2F6EKgHHGNlVAh7GLQ%3D%3D&trackingId=DJ%2FGlrOxPvBrtJ8vsLB6nw%3D%3D&position=19&pageNum=3&trk=public_jobs_jserp-result_search-card,"Iaşi, Iaşi, Romania"
94,2022-12-19,.Net Full Stack Developer,DHV (D&H Value),https://ro.linkedin.com/jobs/view/net-full-stack-developer-at-dhv-d-h-value-3406526875?refId=kD1L8%2F6EKgHHGNlVAh7GLQ%3D%3D&trackingId=mjI8UF7afOC%2Bm%2F72bZl33A%3D%3D&position=20&pageNum=3&trk=public_jobs_jserp-result_search-card,Romania
95,2022-12-19,FrontEnd Developer with Angular,DHV (D&H Value),https://ro.linkedin.com/jobs/view/frontend-developer-with-angular-at-dhv-d-h-value-3402417371?refId=kD1L8%2F6EKgHHGNlVAh7GLQ%3D%3D&trackingId=TKZ89dWUPwpRz8x2c%2FcQig%3D%3D&position=21&pageNum=3&trk=public_jobs_jserp-result_search-card,Romania
96,2022-12-19,Fullstack Developer Job,NTT DATA Romania,https://ro.linkedin.com/jobs/view/fullstack-developer-job-at-ntt-data-romania-3401882958?refId=kD1L8%2F6EKgHHGNlVAh7GLQ%3D%3D&trackingId=QW97OTjcCVKpW77gATluwA%3D%3D&position=22&pageNum=3&trk=public_jobs_jserp-result_search-card,"Timişoara, Timiş, Romania"
97,2022-12-07,ServiceNow Developer,Stefanini EMEA,https://ro.linkedin.com/jobs/view/servicenow-developer-at-stefanini-emea-3375246299?refId=kD1L8%2F6EKgHHGNlVAh7GLQ%3D%3D&trackingId=RY5Mvrrim74riIyu%2FwCx9A%3D%3D&position=23&pageNum=3&trk=public_jobs_jserp-result_search-card,Romania
98,2022-12-19,Front-end Developer with Angular,Luxoft Romania,https://ro.linkedin.com/jobs/view/front-end-developer-with-angular-at-luxoft-romania-3406689807?refId=kD1L8%2F6EKgHHGNlVAh7GLQ%3D%3D&trackingId=0oG2kY9vLC1vlMM7ePOvEw%3D%3D&position=24&pageNum=3&trk=public_jobs_jserp-result_search-card,Romania
99,2022-12-07,Fullstack Software Engineer (Microsoft Teams),Microsoft,https://ro.linkedin.com/jobs/view/fullstack-software-engineer-microsoft-teams-at-microsoft-3388064194?refId=kD1L8%2F6EKgHHGNlVAh7GLQ%3D%3D&trackingId=%2BEQ6CkFgRRWutlWKshzXnw%3D%3D&position=25&pageNum=3&trk=public_jobs_jserp-result_search-card,"Hunedoara, Hunedoara, Romania"
100,2022-12-14,Front-end Game Developer,Evolution,https://ro.linkedin.com/jobs/view/front-end-game-developer-at-evolution-3400879784?refId=CRIS%2Blnkm7uQB6hIuAQ56g%3D%3D&trackingId=ka98S3uLSlvSo5NdJxwYVw%3D%3D&position=1&pageNum=4&trk=public_jobs_jserp-result_search-card,"Bucharest, Bucharest, Romania"
101,2022-11-24,#7636 - Full-Stack .Net Developer (Fully-remote),Qualitest,https://ro.linkedin.com/jobs/view/%237636-full-stack-net-developer-fully-remote-at-qualitest-3388580065?refId=CRIS%2Blnkm7uQB6hIuAQ56g%3D%3D&trackingId=VGV7qjCbDBwC17dDz%2FAuOQ%3D%3D&position=2&pageNum=4&trk=public_jobs_jserp-result_search-card,"Bucharest, Bucharest, Romania"
102,2022-11-24,Remote Web Front-End Developer Jobs,Turing,https://ro.linkedin.com/jobs/view/remote-web-front-end-developer-jobs-at-turing-3390704580?refId=CRIS%2Blnkm7uQB6hIuAQ56g%3D%3D&trackingId=v3nF%2B5c%2FjAG7fZZVOPsM9A%3D%3D&position=3&pageNum=4&trk=public_jobs_jserp-result_search-card,Romania
103,2022-11-24,Remote React Native Developer Jobs,Turing,https://ro.linkedin.com/jobs/view/remote-react-native-developer-jobs-at-turing-3390709529?refId=CRIS%2Blnkm7uQB6hIuAQ56g%3D%3D&trackingId=jyyAM5erV5rDImejvtBvQA%3D%3D&position=4&pageNum=4&trk=public_jobs_jserp-result_search-card,Romania
104,2022-12-15,Full Stack Engineer,Videowise,https://ro.linkedin.com/jobs/view/full-stack-engineer-at-videowise-3397902920?refId=CRIS%2Blnkm7uQB6hIuAQ56g%3D%3D&trackingId=tk8LYLt00lyoGYfvfp5RpQ%3D%3D&position=5&pageNum=4&trk=public_jobs_jserp-result_search-card,Romania
105,2022-12-07,Fullstack Software Engineer (Microsoft Teams),Microsoft,https://ro.linkedin.com/jobs/view/fullstack-software-engineer-microsoft-teams-at-microsoft-3388067133?refId=CRIS%2Blnkm7uQB6hIuAQ56g%3D%3D&trackingId=uvIlE%2BLRMG6LaqDAuMsofA%3D%3D&position=6&pageNum=4&trk=public_jobs_jserp-result_search-card,"Olt, Romania"
106,2022-12-07,Fullstack Software Engineer (Microsoft Teams),Microsoft,https://ro.linkedin.com/jobs/view/fullstack-software-engineer-microsoft-teams-at-microsoft-3388063593?refId=CRIS%2Blnkm7uQB6hIuAQ56g%3D%3D&trackingId=c%2BGIi6MviCJxTYczy6nj6w%3D%3D&position=7&pageNum=4&trk=public_jobs_jserp-result_search-card,"Suceava, Romania"
107,2022-12-07,Fullstack Software Engineer (Microsoft Teams),Microsoft,https://ro.linkedin.com/jobs/view/fullstack-software-engineer-microsoft-teams-at-microsoft-3388064193?refId=CRIS%2Blnkm7uQB6hIuAQ56g%3D%3D&trackingId=whjDlwxaYOrL5V3vWvkchw%3D%3D&position=8&pageNum=4&trk=public_jobs_jserp-result_search-card,"Bucharest, Bucharest, Romania"
108,2022-12-15,Full Stack Developer .NET / .Net Developer,Stefanini EMEA,https://ro.linkedin.com/jobs/view/full-stack-developer-net-net-developer-at-stefanini-emea-3402152463?refId=CRIS%2Blnkm7uQB6hIuAQ56g%3D%3D&trackingId=ufO7V3ZqB99Xmp9VKDg4BA%3D%3D&position=9&pageNum=4&trk=public_jobs_jserp-result_search-card,Romania
109,2022-12-07,Fullstack Software Engineer (Microsoft Teams),Microsoft,https://ro.linkedin.com/jobs/view/fullstack-software-engineer-microsoft-teams-at-microsoft-3388063603?refId=CRIS%2Blnkm7uQB6hIuAQ56g%3D%3D&trackingId=5MIDT8S4ND8nBVyl3GkTew%3D%3D&position=10&pageNum=4&trk=public_jobs_jserp-result_search-card,"Mehedinţi, Romania"
110,2022-12-13,2023 Intern – JavaScript Software Engineer,Adobe,https://ro.linkedin.com/jobs/view/2023-intern-%E2%80%93-javascript-software-engineer-at-adobe-3359192222?refId=CRIS%2Blnkm7uQB6hIuAQ56g%3D%3D&trackingId=rXoMOSUHdVXAWs5czFdbmg%3D%3D&position=11&pageNum=4&trk=public_jobs_jserp-result_search-card,"Bucharest, Bucharest, Romania"
111,2022-12-07,Fullstack Software Engineer (Microsoft Teams),Microsoft,https://ro.linkedin.com/jobs/view/fullstack-software-engineer-microsoft-teams-at-microsoft-3388068020?refId=CRIS%2Blnkm7uQB6hIuAQ56g%3D%3D&trackingId=LtfpOUAmiNWWsTPj%2BffC2w%3D%3D&position=12&pageNum=4&trk=public_jobs_jserp-result_search-card,"Botoşani, Botoşani, Romania"
112,2022-12-12,Full Stack Django Developer (Remote),DontPayFull,https://ro.linkedin.com/jobs/view/full-stack-django-developer-remote-at-dontpayfull-3397721804?refId=CRIS%2Blnkm7uQB6hIuAQ56g%3D%3D&trackingId=kWt0KmZhRrT1%2FIoe4zsGaQ%3D%3D&position=13&pageNum=4&trk=public_jobs_jserp-result_search-card,Romania
113,2022-12-07,Fullstack Software Engineer (Microsoft Teams),Microsoft,https://ro.linkedin.com/jobs/view/fullstack-software-engineer-microsoft-teams-at-microsoft-3388063602?refId=CRIS%2Blnkm7uQB6hIuAQ56g%3D%3D&trackingId=9kIWDI9ptz88n3UFX7FIjg%3D%3D&position=14&pageNum=4&trk=public_jobs_jserp-result_search-card,"Maramureş, Romania"
114,2022-12-15,2023 Intern – JavaScript Software Engineer,Adobe,https://ro.linkedin.com/jobs/view/2023-intern-%E2%80%93-javascript-software-engineer-at-adobe-3397917146?refId=CRIS%2Blnkm7uQB6hIuAQ56g%3D%3D&trackingId=NWPB2YzWVBrt4osKp8FLSg%3D%3D&position=15&pageNum=4&trk=public_jobs_jserp-result_search-card,"Bucharest, Bucharest, Romania"
115,2022-12-06,Full Stack Web Developer,"""Vicket - Take your seat online""",https://ro.linkedin.com/jobs/view/full-stack-web-developer-at-vicket-take-your-seat-online-3379815603?refId=CRIS%2Blnkm7uQB6hIuAQ56g%3D%3D&trackingId=eCl9FeJbsTJoQ2A8lx%2FVXA%3D%3D&position=16&pageNum=4&trk=public_jobs_jserp-result_search-card,"Miercurea-Ciuc, Harghita, Romania"
116,2022-12-14,JavaScript Fullstack Engineer,Binance,https://ro.linkedin.com/jobs/view/javascript-fullstack-engineer-at-binance-3400911026?refId=CRIS%2Blnkm7uQB6hIuAQ56g%3D%3D&trackingId=4NdgBnIjDVmA2HlOSrf1kg%3D%3D&position=17&pageNum=4&trk=public_jobs_jserp-result_search-card,"Iaşi, Iaşi, Romania"
117,2022-12-07,Fullstack Software Engineer (Microsoft Teams),Microsoft,https://ro.linkedin.com/jobs/view/fullstack-software-engineer-microsoft-teams-at-microsoft-3388062724?refId=CRIS%2Blnkm7uQB6hIuAQ56g%3D%3D&trackingId=b21IuePwhCDZoRZpuCq9Bw%3D%3D&position=18&pageNum=4&trk=public_jobs_jserp-result_search-card,"Satu Mare, Romania"
118,2022-11-24,Remote Full-Stack Developer Jobs,Turing,https://ro.linkedin.com/jobs/view/remote-full-stack-developer-jobs-at-turing-3390705845?refId=CRIS%2Blnkm7uQB6hIuAQ56g%3D%3D&trackingId=kI6huAPEsFISIj%2FG0LId6w%3D%3D&position=19&pageNum=4&trk=public_jobs_jserp-result_search-card,Romania
119,2022-12-07,Fullstack Software Engineer (Microsoft Teams),Microsoft,https://ro.linkedin.com/jobs/view/fullstack-software-engineer-microsoft-teams-at-microsoft-3388065197?refId=CRIS%2Blnkm7uQB6hIuAQ56g%3D%3D&trackingId=IrexPEpyrm6UNoEZtCVMTQ%3D%3D&position=20&pageNum=4&trk=public_jobs_jserp-result_search-card,"Giurgiu, Giurgiu, Romania"
120,2022-11-23,Full Stack Software Developer - HDFLX002,Human Direct,https://ro.linkedin.com/jobs/view/full-stack-software-developer-hdflx002-at-human-direct-3381389825?refId=CRIS%2Blnkm7uQB6hIuAQ56g%3D%3D&trackingId=xU5gq8136BSJyvgMS0BO8g%3D%3D&position=21&pageNum=4&trk=public_jobs_jserp-result_search-card,Romania
121,2022-12-07,Fullstack Software Engineer (Microsoft Teams),Microsoft,https://ro.linkedin.com/jobs/view/fullstack-software-engineer-microsoft-teams-at-microsoft-3388062723?refId=CRIS%2Blnkm7uQB6hIuAQ56g%3D%3D&trackingId=0EFnbX5El31u1fHDsLFpNg%3D%3D&position=22&pageNum=4&trk=public_jobs_jserp-result_search-card,"Argeş, Romania"
122,2022-12-16,Full-stack Developer (m/f),in-tech GmbH,https://ro.linkedin.com/jobs/view/full-stack-developer-m-f-at-in-tech-gmbh-3391373158?refId=CRIS%2Blnkm7uQB6hIuAQ56g%3D%3D&trackingId=5tt6UOa9mVu4wxiUE1vq8w%3D%3D&position=23&pageNum=4&trk=public_jobs_jserp-result_search-card,"Bucharest, Romania"
123,2022-12-15,Remote React Native Developer for Millions of Users (RO),Tellonym,https://ro.linkedin.com/jobs/view/remote-react-native-developer-for-millions-of-users-ro-at-tellonym-3400884444?refId=CRIS%2Blnkm7uQB6hIuAQ56g%3D%3D&trackingId=pYsDUD2z7Ozds6mL8EYSrw%3D%3D&position=24&pageNum=4&trk=public_jobs_jserp-result_search-card,"Bucharest, Bucharest, Romania"
124,2022-12-16,Frontend Engineer (Supply Chain),"Docker, Inc",https://ro.linkedin.com/jobs/view/frontend-engineer-supply-chain-at-docker-inc-3371604416?refId=CRIS%2Blnkm7uQB6hIuAQ56g%3D%3D&trackingId=euoNWWEEANVNuDdR%2BBJILQ%3D%3D&position=25&pageNum=4&trk=public_jobs_jserp-result_search-card,Romania
125,2022-12-19,Frontend Developer Cegeka Academy - Across Romania,Cegeka Romania,https://ro.linkedin.com/jobs/view/frontend-developer-cegeka-academy-across-romania-at-cegeka-romania-3399761596?refId=Oj8tdMX0hujZxzhWUcV9FQ%3D%3D&trackingId=pgoFvxO98crDAAPtetMkLg%3D%3D&position=1&pageNum=5&trk=public_jobs_jserp-result_search-card,Bucharest Metropolitan Area
126,2022-12-08,Angular Developer Job,NTT DATA Romania,https://ro.linkedin.com/jobs/view/angular-developer-job-at-ntt-data-romania-3389585194?refId=Oj8tdMX0hujZxzhWUcV9FQ%3D%3D&trackingId=U7vpIx9wn7xAO0wLckVJZg%3D%3D&position=2&pageNum=5&trk=public_jobs_jserp-result_search-card,"Cluj-Napoca, Cluj, Romania"
127,2022-11-24,Remote Full-Stack Engineer Jobs,Turing,https://ro.linkedin.com/jobs/view/remote-full-stack-engineer-jobs-at-turing-3390705150?refId=Oj8tdMX0hujZxzhWUcV9FQ%3D%3D&trackingId=d8XgLX%2BH1erZF4DIfRSHEw%3D%3D&position=3&pageNum=5&trk=public_jobs_jserp-result_search-card,Romania
128,2022-12-07,Fullstack Software Engineer (Microsoft Teams),Microsoft,https://ro.linkedin.com/jobs/view/fullstack-software-engineer-microsoft-teams-at-microsoft-3388060987?refId=Oj8tdMX0hujZxzhWUcV9FQ%3D%3D&trackingId=j4n8Mh6%2Ff5CQpor0zMplOw%3D%3D&position=4&pageNum=5&trk=public_jobs_jserp-result_search-card,"Galaţi, Galaţi, Romania"
129,2022-12-16,NodeJS Developer,Globant,https://ro.linkedin.com/jobs/view/nodejs-developer-at-globant-3399056777?refId=Oj8tdMX0hujZxzhWUcV9FQ%3D%3D&trackingId=vWteP9ZYhtQqIPTehi%2Bppw%3D%3D&position=5&pageNum=5&trk=public_jobs_jserp-result_search-card,"Cluj-Napoca, Cluj, Romania"
130,2022-11-24,Remote Fullstack (Backend-heavy) Engineer Jobs,Turing,https://ro.linkedin.com/jobs/view/remote-fullstack-backend-heavy-engineer-jobs-at-turing-3390703531?refId=Oj8tdMX0hujZxzhWUcV9FQ%3D%3D&trackingId=KfM2axaEsY1ZaiRT%2FGYGNw%3D%3D&position=6&pageNum=5&trk=public_jobs_jserp-result_search-card,Romania
131,2022-12-09,Full Stack Software Engineer at Sector Labs Cluj,Bayut.com,https://ro.linkedin.com/jobs/view/full-stack-software-engineer-at-sector-labs-cluj-at-bayut-com-3390107892?refId=Oj8tdMX0hujZxzhWUcV9FQ%3D%3D&trackingId=I1V24Me0eEzJEOlvNPH07w%3D%3D&position=7&pageNum=5&trk=public_jobs_jserp-result_search-card,"Cluj-Napoca, Cluj, Romania"
132,2022-12-19,Fullstack Developer Job,NTT DATA Romania,https://ro.linkedin.com/jobs/view/fullstack-developer-job-at-ntt-data-romania-3401888393?refId=Oj8tdMX0hujZxzhWUcV9FQ%3D%3D&trackingId=c2IIVf67hjDghoTNf7yg9w%3D%3D&position=8&pageNum=5&trk=public_jobs_jserp-result_search-card,"Cluj-Napoca, Cluj, Romania"
133,2022-12-07,Fullstack Software Engineer (Microsoft Teams),Microsoft,https://ro.linkedin.com/jobs/view/fullstack-software-engineer-microsoft-teams-at-microsoft-3388067128?refId=Oj8tdMX0hujZxzhWUcV9FQ%3D%3D&trackingId=9fIxVuXT2cbsQaqWkjQ8mA%3D%3D&position=9&pageNum=5&trk=public_jobs_jserp-result_search-card,"Gorj, Romania"
134,2022-11-30,Full stack developer - remote,BAS CUSTOM SOFTWARE SRL,https://ro.linkedin.com/jobs/view/full-stack-developer-remote-at-bas-custom-software-srl-3377862252?refId=Oj8tdMX0hujZxzhWUcV9FQ%3D%3D&trackingId=SDH1KGj9C6Adun%2FJskX%2F%2BQ%3D%3D&position=10&pageNum=5&trk=public_jobs_jserp-result_search-card,Romania
135,2022-12-17,Mid/Senior Fullstack Developer at Zenitech,join.com,https://ro.linkedin.com/jobs/view/mid-senior-fullstack-developer-at-zenitech-at-join-com-3403385879?refId=Oj8tdMX0hujZxzhWUcV9FQ%3D%3D&trackingId=wNs6Ad1TQHtKjK8hCws6gw%3D%3D&position=11&pageNum=5&trk=public_jobs_jserp-result_search-card,"Cluj-Napoca, Cluj, Romania"
136,2022-12-01,Full Stack Developer,Safeguard Global,https://ro.linkedin.com/jobs/view/full-stack-developer-at-safeguard-global-3353017770?refId=Oj8tdMX0hujZxzhWUcV9FQ%3D%3D&trackingId=bbbbBC9o10pFiKcRNmYz1A%3D%3D&position=12&pageNum=5&trk=public_jobs_jserp-result_search-card,Romania
137,2022-12-07,Fullstack Software Engineer (Microsoft Teams),Microsoft,https://ro.linkedin.com/jobs/view/fullstack-software-engineer-microsoft-teams-at-microsoft-3388060986?refId=Oj8tdMX0hujZxzhWUcV9FQ%3D%3D&trackingId=p1Ji4m4E5QnjUS4BhxPk3A%3D%3D&position=13&pageNum=5&trk=public_jobs_jserp-result_search-card,"Harghita, Romania"
138,2022-12-07,Fullstack Software Engineer (Microsoft Teams),Microsoft,https://ro.linkedin.com/jobs/view/fullstack-software-engineer-microsoft-teams-at-microsoft-3388067129?refId=Oj8tdMX0hujZxzhWUcV9FQ%3D%3D&trackingId=kVc%2Fa3v3z7pDr0rdF9p5%2Fw%3D%3D&position=14&pageNum=5&trk=public_jobs_jserp-result_search-card,"Călăraşi, Călăraşi, Romania"
139,2022-12-05,.Net Full Stack Developer for Automotive tools Job,NTT DATA Romania,https://ro.linkedin.com/jobs/view/net-full-stack-developer-for-automotive-tools-job-at-ntt-data-romania-3158015159?refId=Oj8tdMX0hujZxzhWUcV9FQ%3D%3D&trackingId=XcCrUcx4deuZEyfob2R4Iw%3D%3D&position=15&pageNum=5&trk=public_jobs_jserp-result_search-card,"Cluj-Napoca, Cluj, Romania"
140,2022-11-22,FullStack Developer (Node.js),Endava,https://ro.linkedin.com/jobs/view/fullstack-developer-node-js-at-endava-3403999776?refId=Oj8tdMX0hujZxzhWUcV9FQ%3D%3D&trackingId=wKphMrdVZoQ9dpHT8CmJVA%3D%3D&position=16&pageNum=5&trk=public_jobs_jserp-result_search-card,"Sibiu, Sibiu, Romania"
141,2022-11-22,3G Java Full Stack Developer,Thales,https://ro.linkedin.com/jobs/view/3g-java-full-stack-developer-at-thales-3366793725?refId=Oj8tdMX0hujZxzhWUcV9FQ%3D%3D&trackingId=2rfGeH9E3fNILgLJAxgCPw%3D%3D&position=17&pageNum=5&trk=public_jobs_jserp-result_search-card,"Bucharest, Bucharest, Romania"
142,2022-12-19,Fullstack Developer Job,NTT DATA Romania,https://ro.linkedin.com/jobs/view/fullstack-developer-job-at-ntt-data-romania-3401882957?refId=Oj8tdMX0hujZxzhWUcV9FQ%3D%3D&trackingId=rpOkiCHaYLI4WRJ%2BIVupJg%3D%3D&position=18&pageNum=5&trk=public_jobs_jserp-result_search-card,"Braşov, Braşov, Romania"
143,2022-12-09,Fullstack Developer – React/Node.js at ERNI Development Center Romania,join.com,https://ro.linkedin.com/jobs/view/fullstack-developer-%E2%80%93-react-node-js-at-erni-development-center-romania-at-join-com-3393739718?refId=Oj8tdMX0hujZxzhWUcV9FQ%3D%3D&trackingId=hBmkvJXOhfCrHA3Kzf6GvA%3D%3D&position=19&pageNum=5&trk=public_jobs_jserp-result_search-card,"Cluj-Napoca, Cluj, Romania"
144,2022-12-02,.net fullstack developer ( Full Remote),UST,https://ro.linkedin.com/jobs/view/net-fullstack-developer-full-remote-at-ust-3146850814?refId=Oj8tdMX0hujZxzhWUcV9FQ%3D%3D&trackingId=mSF7Vbc2Sq1UU%2Bmb8YyIsQ%3D%3D&position=20&pageNum=5&trk=public_jobs_jserp-result_search-card,"Bucharest, Bucharest, Romania"
145,2022-12-08,Angular Developer Job,NTT DATA Romania,https://ro.linkedin.com/jobs/view/angular-developer-job-at-ntt-data-romania-3389578762?refId=Oj8tdMX0hujZxzhWUcV9FQ%3D%3D&trackingId=2odD20%2Fj5amdSxR9QIIlTw%3D%3D&position=21&pageNum=5&trk=public_jobs_jserp-result_search-card,"Timişoara, Timiş, Romania"
